{
    "GPT-OSS-120B": {
        "HackerRank": {
            "Vanilla": 100.0,
            "PSC-ALL": 100.0,
            "MCC": 100.0,
            "MPS": 98.33333333333333,
            "MHC": 96.66666666666667,
            "Average": 98.75
        },
        "GeeksforGeeks": {
            "Vanilla": 100.0,
            "PSC-ALL": 98.64864864864865,
            "MCC": 97.97297297297297,
            "MPS": 99.32432432432432,
            "MHC": 99.32432432432432,
            "Average": 98.81756756756756
        },
        "Merged": {
            "Vanilla": 100.0,
            "PSC-ALL": 99.03846153846155,
            "MCC": 98.5576923076923,
            "MPS": 99.03846153846155,
            "MHC": 98.5576923076923,
            "Average": 98.79807692307693
        }
    },
    "LLaMA-3.1-70B-Instruct": {
        "HackerRank": {
            "Vanilla": 65.0,
            "PSC-ALL": 50.0,
            "MCC": 43.333333333333336,
            "MPS": 41.66666666666667,
            "MHC": 55.00000000000001,
            "Average": 47.5
        },
        "GeeksforGeeks": {
            "Vanilla": 53.37837837837838,
            "PSC-ALL": 40.54054054054054,
            "MCC": 49.32432432432432,
            "MPS": 35.810810810810814,
            "MHC": 43.24324324324324,
            "Average": 42.229729729729726
        },
        "Merged": {
            "Vanilla": 56.730769230769226,
            "PSC-ALL": 43.269230769230774,
            "MCC": 47.59615384615385,
            "MPS": 37.5,
            "MHC": 46.63461538461539,
            "Average": 43.75
        }
    },
    "Qwen2.5-32B-Coder-Instruct": {
        "HackerRank": {
            "Vanilla": 56.666666666666664,
            "PSC-ALL": 50.0,
            "MCC": 40.0,
            "MPS": 46.666666666666664,
            "MHC": 50.0,
            "Average": 46.666666666666664
        },
        "GeeksforGeeks": {
            "Vanilla": 63.51351351351351,
            "PSC-ALL": 55.4054054054054,
            "MCC": 35.810810810810814,
            "MPS": 39.189189189189186,
            "MHC": 48.64864864864865,
            "Average": 44.763513513513516
        },
        "Merged": {
            "Vanilla": 61.53846153846154,
            "PSC-ALL": 53.84615384615385,
            "MCC": 37.019230769230774,
            "MPS": 41.34615384615385,
            "MHC": 49.03846153846153,
            "Average": 45.3125
        }
    },
    "LLaMA-3.1-8B-Instruct": {
        "HackerRank": {
            "Vanilla": 36.666666666666664,
            "PSC-ALL": 23.333333333333332,
            "MCC": 30.0,
            "MPS": 31.666666666666664,
            "MHC": 28.333333333333332,
            "Average": 28.333333333333332
        },
        "GeeksforGeeks": {
            "Vanilla": 37.83783783783784,
            "PSC-ALL": 21.62162162162162,
            "MCC": 22.2972972972973,
            "MPS": 30.405405405405407,
            "MHC": 28.37837837837838,
            "Average": 25.675675675675677
        },
        "Merged": {
            "Vanilla": 37.5,
            "PSC-ALL": 22.115384615384613,
            "MCC": 24.519230769230766,
            "MPS": 30.76923076923077,
            "MHC": 28.365384615384613,
            "Average": 26.44230769230769
        }
    },
    "Qwen2.5-7B-Instruct": {
        "HackerRank": {
            "Vanilla": 46.666666666666664,
            "PSC-ALL": 30.0,
            "MCC": 20.0,
            "MPS": 31.666666666666664,
            "MHC": 28.333333333333332,
            "Average": 27.5
        },
        "GeeksforGeeks": {
            "Vanilla": 37.83783783783784,
            "PSC-ALL": 29.72972972972973,
            "MCC": 14.864864864864865,
            "MPS": 23.64864864864865,
            "MHC": 23.64864864864865,
            "Average": 22.972972972972972
        },
        "Merged": {
            "Vanilla": 40.38461538461539,
            "PSC-ALL": 29.807692307692307,
            "MCC": 16.346153846153847,
            "MPS": 25.961538461538463,
            "MHC": 25.0,
            "Average": 24.278846153846153
        }
    },
    "Gemini-2.5-Pro": {
        "HackerRank": {
            "Vanilla": 100.0,
            "PSC-ALL": 96.66666666666667,
            "MCC": 98.33333333333333,
            "MPS": 100.0,
            "MHC": 98.33333333333333,
            "Average": 98.33333333333333
        },
        "GeeksforGeeks": {
            "Vanilla": 100.0,
            "PSC-ALL": 100.0,
            "MCC": 100.0,
            "MPS": 99.32432432432432,
            "MHC": 97.97297297297297,
            "Average": 99.32432432432432
        },
        "Merged": {
            "Vanilla": 100.0,
            "PSC-ALL": 99.03846153846155,
            "MCC": 99.51923076923077,
            "MPS": 99.51923076923077,
            "MHC": 98.07692307692307,
            "Average": 99.03846153846155
        }
    },
    "GPT-4.1": {
        "HackerRank": {
            "Vanilla": 83.33333333333334,
            "PSC-ALL": 68.33333333333333,
            "MCC": 58.333333333333336,
            "MPS": 68.33333333333333,
            "MHC": 75.0,
            "Average": 67.5
        },
        "GeeksforGeeks": {
            "Vanilla": 77.02702702702703,
            "PSC-ALL": 68.91891891891892,
            "MCC": 53.37837837837838,
            "MPS": 52.702702702702695,
            "MHC": 57.432432432432435,
            "Average": 58.108108108108105
        },
        "Merged": {
            "Vanilla": 78.84615384615384,
            "PSC-ALL": 68.75,
            "MCC": 54.807692307692314,
            "MPS": 57.21153846153846,
            "MHC": 62.5,
            "Average": 60.81730769230769
        }
    },
    "GPT-4o": {
        "HackerRank": {
            "Vanilla": 76.66666666666667,
            "PSC-ALL": 60.0,
            "MCC": 60.0,
            "MPS": 61.66666666666667,
            "MHC": 63.33333333333333,
            "Average": 61.25
        },
        "GeeksforGeeks": {
            "Vanilla": 71.62162162162163,
            "PSC-ALL": 65.54054054054053,
            "MCC": 56.75675675675676,
            "MPS": 48.64864864864865,
            "MHC": 55.4054054054054,
            "Average": 56.58783783783784
        },
        "Merged": {
            "Vanilla": 73.07692307692307,
            "PSC-ALL": 63.942307692307686,
            "MCC": 57.692307692307686,
            "MPS": 52.40384615384615,
            "MHC": 57.692307692307686,
            "Average": 57.93269230769231
        }
    },
    "Qwen2.5-72B-Instruct": {
        "HackerRank": {
            "Vanilla": 68.33333333333333,
            "PSC-ALL": 48.333333333333336,
            "MCC": 48.333333333333336,
            "MPS": 48.333333333333336,
            "MHC": 38.333333333333336,
            "Average": 45.833333333333336
        },
        "GeeksforGeeks": {
            "Vanilla": 61.48648648648649,
            "PSC-ALL": 52.702702702702695,
            "MCC": 47.2972972972973,
            "MPS": 36.486486486486484,
            "MHC": 35.810810810810814,
            "Average": 43.07432432432432
        },
        "Merged": {
            "Vanilla": 63.46153846153846,
            "PSC-ALL": 51.442307692307686,
            "MCC": 47.59615384615385,
            "MPS": 39.90384615384615,
            "MHC": 36.53846153846153,
            "Average": 43.87019230769231
        }
    },
    "DeepSeek-V3": {
        "HackerRank": {
            "Vanilla": 71.66666666666667,
            "PSC-ALL": 56.666666666666664,
            "MCC": 48.333333333333336,
            "MPS": 55.00000000000001,
            "MHC": 58.333333333333336,
            "Average": 54.583333333333336
        },
        "GeeksforGeeks": {
            "Vanilla": 72.97297297297297,
            "PSC-ALL": 57.432432432432435,
            "MCC": 50.67567567567568,
            "MPS": 52.02702702702703,
            "MHC": 43.91891891891892,
            "Average": 51.013513513513516
        },
        "Merged": {
            "Vanilla": 72.59615384615384,
            "PSC-ALL": 57.21153846153846,